lesnummer, Klas, Docent, Vak, Lokaal, Dag, Lesuur
1,"A0-A","RJC","NT2","J611",2,6,"A0-A",
1,"A0-A","RJC","NT2","J611",2,7,"A0-A",
1,"A0-A","RJC","NT2","J611",4,4,"A0-A",
1,"A0-A","RJC","NT2","J611",4,5,"A0-A",
1,"A0-A","RJC","NT2","J611",5,3,"A0-A",
1,"A0-A","RJC","NT2","J611",5,4,"A0-A",
2,"A0-A","OUW","NT2","J611",1,4,"A0-A",
2,"A0-A","OUW","NT2","J611",1,5,"A0-A",
2,"A0-A","OUW","NT2","J611",1,6,"A0-A",
2,"A0-A","OUW","NT2","J611",1,7,"A0-A",
2,"A0-A","OUW","NT2","J611",3,6,"A0-A",
3,"A0-A","ISKKLO","NT2","J611",4,2,"A0-A",
3,"A0-A","ISKKLO","NT2","J611",4,7,"A0-A",
5,"A0-A","RJC","ML","J611",2,5,"A0-A",
5,"A0-A","RJC","ML","J611",4,3,"A0-A",
70,"A0-A","LNN","RE","J611",1,2,"A0-A",
70,"A0-A","LNN","RE","J611",1,3,"A0-A",
70,"A0-A","LNN","RE","J611",2,2,"A0-A",
70,"A0-A","LNN","RE","J611",4,6,"A0-A",
88,"A0-A","SMD","KNS","J611",2,3,"A0-A",
105,"A0-A","ALL","TN","JP30",3,2,"A0-A",
105,"A0-A","ALL","TN","JP30",3,3,"A0-A",
119,"A0-A","KMN","k&cB","JP32",3,4,"A0-A",
119,"A0-A","KMN","k&cB","JP32",3,5,"A0-A",
139,"A0-A","ISKVAL","LO","J8Lo",5,1,"A0-LO",
139,"A0-A","ISKVAL","LO","J8Lo",5,2,"A0-LO",
176,"A0-A","RJC","FLEX-M","J611",2,1,"A0-A",
189,"A0-A","KLJ","NT2","J611",2,4,"A0-A",
189,"A0-A","KLJ","NT2","J611",5,6,"A0-A",
194,"A0-A","ISKBEE","MU","J618",5,5,"A0-A",
323,"A0-A","KLJ","FLEX-HWK","J611",5,7,"A0-A",
326,"A0-A","ISK_MO","NT2","J618",3,7,"A0-A",
6,"A0-B","OUW","ML","J612",1,2,"A0-B",
6,"A0-B","OUW","ML","J612",4,6,"A0-B",
7,"A0-B","OUW","NT2","J612",1,3,"A0-B",
7,"A0-B","OUW","NT2","J612",2,2,"A0-B",
7,"A0-B","OUW","NT2","J612",2,3,"A0-B",
7,"A0-B","OUW","NT2","J612",3,2,"A0-B",
7,"A0-B","OUW","NT2","J612",3,3,"A0-B",
7,"A0-B","OUW","NT2","J612",3,4,"A0-B",
7,"A0-B","OUW","NT2","J612",3,7,"A0-B",
7,"A0-B","OUW","NT2","J612",4,4,"A0-B",
7,"A0-B","OUW","NT2","J612",4,5,"A0-B",
8,"A0-B","KMP","NT2","J612",1,6,"A0-B",
8,"A0-B","KMP","NT2","J612",1,7,"A0-B",
8,"A0-B","KMP","NT2","J612",4,2,"A0-B",
8,"A0-B","KMP","NT2","J612",5,4,"A0-B",
8,"A0-B","KMP","NT2","J612",5,5,"A0-B",
71,"A0-B","LNN","RE","J612",2,6,"A0-B",
71,"A0-B","LNN","RE","J612",2,7,"A0-B",
71,"A0-B","LNN","RE","J612",4,3,"A0-B",
71,"A0-B","LNN","RE","J612",4,7,"A0-B",
89,"A0-B","SMD","KNS","J612",3,6,"A0-B",
106,"A0-B","ALL","TN","JP30",1,4,"A0-B",
106,"A0-B","ALL","TN","JP30",1,5,"A0-B",
120,"A0-B","DOE","k&cB","JP32",2,4,"A0-B",
120,"A0-B","DOE","k&cB","JP32",2,5,"A0-B",
139,"A0-B","ISKVAL","LO","J8Lo",5,1,"A0-LO",
139,"A0-B","ISKVAL","LO","J8Lo",5,2,"A0-LO",
177,"A0-B","OUW","FLEX-M","J612",2,1,"A0-B",
190,"A0-B","DAC","NT2","J612",5,3,"A0-B",
191,"A0-B","ISKBEE","MU","J618",5,6,"A0-B",
198,"A0-B","OUW","FLEX-HWK","J612",4,1,"A0-B",
199,"A0-B","ALL","FLEX-HWK","J612",1,1,"A0-B",
328,"A0-B","ISK_MO","NT2","J618",3,5,"A0-B",
374,"A0-B2","ESS","ML","J609",2,1,"A0-B2",
375,"A0-B2","ISKCBX","NT2","J609",1,2,"A0-B2",
375,"A0-B2","ISKCBX","NT2","J609",1,3,"A0-B2",
375,"A0-B2","ISKCBX","NT2","J609",1,4,"A0-B2",
375,"A0-B2","ISKCBX","NT2","J609",1,5,"A0-B2",
375,"A0-B2","ISKCBX","NT2","J609",3,2,"A0-B2",
375,"A0-B2","ISKCBX","NT2","J609",3,3,"A0-B2",
375,"A0-B2","ISKCBX","NT2","J609",3,5,"A0-B2",
375,"A0-B2","ISKCBX","NT2","J609",3,6,"A0-B2",
376,"A0-B2","ISKCBX","RE","J609",2,2,"A0-B2",
376,"A0-B2","ISKCBX","RE","J609",2,3,"A0-B2",
376,"A0-B2","ISKCBX","RE","J609",4,2,"A0-B2",
376,"A0-B2","ISKCBX","RE","J609",4,3,"A0-B2",
377,"A0-B2","TVC","LO","J8Lo",4,4,"A0-B2",
377,"A0-B2","TVC","LO","J8Lo",4,5,"A0-B2",
378,"A0-B2","ISKCBX","KNS","J609",5,1,"A0-B2",
378,"A0-B2","ISKCBX","KNS","J609",5,2,"A0-B2",
379,"A0-B2","ISKCBI","k&cB","J609",3,4,"A0-B2",
10,"A1-A","DAC","ML","J610",2,5,"A1-A",
10,"A1-A","DAC","ML","J610",4,5,"A1-A",
11,"A1-A","DAC","NT2","J610",2,2,"A1-A",
11,"A1-A","DAC","NT2","J610",2,3,"A1-A",
11,"A1-A","DAC","NT2","J610",2,6,"A1-A",
11,"A1-A","DAC","NT2","J610",2,7,"A1-A",
11,"A1-A","DAC","NT2","J610",3,3,"A1-A",
11,"A1-A","DAC","NT2","J610",4,2,"A1-A",
11,"A1-A","DAC","NT2","J610",5,4,"A1-A",
11,"A1-A","DAC","NT2","J610",5,5,"A1-A",
11,"A1-A","DAC","NT2","J610",5,6,"A1-A",
12,"A1-A","SGM","NT2","J610",1,4,"A1-A",
12,"A1-A","SGM","NT2","J610",3,5,"A1-A",
13,"A1-A","VBY","NT2","J610",5,2,"A1-A",
13,"A1-A","VBY","NT2","J610",5,3,"A1-A",
72,"A1-A","CHU","RE","J610",1,5,"A1-A",
72,"A1-A","CHU","RE","J610",2,4,"A1-A",
72,"A1-A","CHU","RE","J610",4,6,"A1-A",
72,"A1-A","CHU","RE","J610",4,7,"A1-A",
90,"A1-A","SMD","KNS","J610",3,7,"A1-A",
107,"A1-A","ALL","TN","JP30",1,2,"A1-A",
107,"A1-A","ALL","TN","JP30",1,3,"A1-A",
121,"A1-A","KMN","k&cB","JP32",1,6,"A1-A",
121,"A1-A","KMN","k&cB","JP32",1,7,"A1-A",
141,"A1-A","ISKVAL","LO","J8Lo",3,1,"A1-A",
141,"A1-A","ISKVAL","LO","J8Lo",3,2,"A1-A",
178,"A1-A","DAC","FLEX-M","J610",2,1,"A1-A",
192,"A1-A","ISKBEE","MU","J618",5,7,"A1-A",
200,"A1-A","DAC","FLEX-HWK","J610",4,1,"A1-A",
201,"A1-A","SGM","FLEX-HWK","J610",3,4,"A1-A",
330,"A1-A","ISK_MO","NT2","J618",3,6,"A1-A",
372,"A1-A","ISKKLO","NT2","J610",4,3,"A1-A",
372,"A1-A","ISKKLO","NT2","J610",4,4,"A1-A",
19,"B1-c","DEM","NT2","J615",1,4,"B1-c",
19,"B1-c","DEM","NT2","J615",1,5,"B1-c",
19,"B1-c","DEM","NT2","J615",3,3,"B1-c",
19,"B1-c","DEM","NT2","J615",3,4,"B1-c",
19,"B1-c","DEM","NT2","J615",3,5,"B1-c",
19,"B1-c","DEM","NT2","J615",4,1,"B1-c",
75,"B1-c","CHU","RE","J615",3,1,"B1-c",
75,"B1-c","CHU","RE","J615",3,2,"B1-c",
75,"B1-c","CHU","RE","J615",4,2,"B1-c",
75,"B1-c","CHU","RE","J615",4,3,"B1-c",
92,"B1-c","POT","KNS","J615",2,2,"B1-c",
109,"B1-c","ALL","TN","JP30",5,1,"B1-c",
109,"B1-c","ALL","TN","JP30",5,2,"B1-c",
142,"B1-c","ISKVAL","LO","BuLo",3,6,"B1-c",
142,"B1-c","ISKVAL","LO","BuLo",3,7,"B1-c",
154,"B1-c","DOE","DV","J615",5,4,"B1-c",
276,"B1-c","KMP","ML","J615",1,3,"B1-c",
276,"B1-c","KMP","ML","J615",5,3,"B1-c",
277,"B1-c","KMP","NT2","J615",2,3,"B1-c",
277,"B1-c","KMP","NT2","J615",2,6,"B1-c",
277,"B1-c","KMP","NT2","J615",2,7,"B1-c",
277,"B1-c","KMP","NT2","J615",4,4,"B1-c",
277,"B1-c","KMP","NT2","J615",4,5,"B1-c",
277,"B1-c","KMP","NT2","J615",4,6,"B1-c",
278,"B1-c","KLH","NT2","J615",2,4,"B1-c",
278,"B1-c","KLH","NT2","J615",2,5,"B1-c",
278,"B1-c","KLH","NT2","J615",5,6,"B1-c",
278,"B1-c","KLH","NT2","J615",5,7,"B1-c",
281,"B1-c","DOE","k&cB","JP30",1,6,"B1-c",
281,"B1-c","DOE","k&cB","JP30",1,7,"B1-c",
282,"B1-c","KMP","FLEX-M","J615",2,1,"B1-c",
284,"B1-c","SML","FLEX-HWK","J615",4,8,"B1-c",
348,"B1-c","ISK_RUI","MU","J618",4,7,"B1-c",
352,"B1-c","ISKKOE","NT2","J604",5,5,"B1-c",
288,"B1-c2","VBG","NT2","J613",2,2,"B1-c2",
288,"B1-c2","VBG","NT2","J613",2,3,"B1-c2",
288,"B1-c2","VBG","NT2","J613",2,4,"B1-c2",
288,"B1-c2","VBG","NT2","J613",2,5,"B1-c2",
288,"B1-c2","VBG","NT2","J613",2,7,"B1-c2",
288,"B1-c2","VBG","NT2","J613",4,2,"B1-c2",
288,"B1-c2","VBG","NT2","J613",4,3,"B1-c2",
288,"B1-c2","VBG","NT2","J613",4,4,"B1-c2",
288,"B1-c2","VBG","NT2","J613",4,6,"B1-c2",
288,"B1-c2","VBG","NT2","J613",4,7,"B1-c2",
288,"B1-c2","VBG","NT2","J613",5,6,"B1-c2",
288,"B1-c2","VBG","NT2","J613",5,7,"B1-c2",
289,"B1-c2","VBG","ML","J613",4,5,"B1-c2",
289,"B1-c2","VBG","ML","J613",5,8,"B1-c2",
290,"B1-c2","VBG","FLEX-M","J613",2,1,"B1-c2",
291,"B1-c2","HDG","RE","J613",3,6,"B1-c2",
291,"B1-c2","HDG","RE","J613",3,7,"B1-c2",
292,"B1-c2","ANT","VZ","JP41",1,6,"B1-c2",
292,"B1-c2","ANT","VZ","JP41",1,7,"B1-c2",
293,"B1-c2","SIM","LO","J8LoA",5,1,"B1-cLO",
293,"B1-c2","SIM","LO","J8LoA",5,2,"B1-cLO",
294,"B1-c2","ISKCBI","k&cB","J613",3,2,"B1-c2",
294,"B1-c2","ISKCBI","k&cB","J613",3,3,"B1-c2",
295,"B1-c2","ISKCBX","KNS","J613",5,5,"B1-c2",
297,"B1-c2","BUM","FLEX-HWK","J613",2,6,"B1-c2",
309,"B1-c2","SGM","NT2","J613",1,5,"B1-c2",
313,"B1-c2","LNN","RE","J613",4,8,"B1-c2",
313,"B1-c2","LNN","RE","J613",5,4,"B1-c2",
317,"B1-c2","SHF","NT2","J613",3,1,"B1-c2",
317,"B1-c2","SHF","NT2","J613",3,4,"B1-c2",
317,"B1-c2","SHF","NT2","J613",3,5,"B1-c2",
362,"B1-c2","ISKBEE","MU","J618",5,3,"B1-c2",
21,"B2-a","SHF","LOB","J634",5,9,"B2-a",
22,"B2-a","SHF","ML","J634",3,7,"B2-a",
24,"B2-a","KGM","NT2","J634",4,1,"B2-a",
24,"B2-a","KGM","NT2","J634",4,2,"B2-a",
24,"B2-a","KGM","NT2","J634",4,4,"B2-a",
76,"B2-a","HWS","RE","J634",1,7,"B2-a",
76,"B2-a","HWS","RE","J634",3,6,"B2-a",
76,"B2-a","HWS","RE","J634",5,3,"B2-a",
76,"B2-a","HWS","RE","J634",5,5,"B2-a",
93,"B2-a","SMD","BUR","J634",2,4,"B2-a",
93,"B2-a","SMD","BUR","J634",2,5,"B2-a",
110,"B2-a","ALL","TN","JP30",3,4,"B2-a",
110,"B2-a","ALL","TN","JP30",3,5,"B2-a",
124,"B2-a","DOE","k&cB","JP30",2,6,"B2-a",
124,"B2-a","DOE","k&cB","JP30",2,7,"B2-a",
155,"B2-a","RNR","DV","J634",4,3,"B2-a",
181,"B2-a","SHF","FLEX-M","J634",2,1,"B2-a",
243,"B2-a","ISKKLO","NT2","J634",4,5,"B2-a",
243,"B2-a","ISKKLO","NT2","J634",4,6,"B2-a",
244,"B2-a","SGM","NT2","J634",3,3,"B2-a",
261,"B2-a","SIM","LO","J8LoA",3,1,"B2-a",
261,"B2-a","SIM","LO","J8LoA",3,2,"B2-a",
334,"B2-a","ISK_RUI","MU","J618",1,6,"B2-a",
354,"B2-a","ISKKOE","NT2","J604",5,4,"B2-a",
373,"B2-a","SHF","NT2","J634",2,2,"B2-a",
373,"B2-a","SHF","NT2","J634",2,3,"B2-a",
373,"B2-a","SHF","NT2","J634",3,8,"B2-a",
373,"B2-a","SHF","NT2","J634",3,9,"B2-a",
373,"B2-a","SHF","NT2","J634",5,1,"B2-a",
373,"B2-a","SHF","NT2","J634",5,2,"B2-a",
373,"B2-a","SHF","NT2","J634",5,6,"B2-a",
373,"B2-a","SHF","NT2","J634",5,7,"B2-a",
373,"B2-a","SHF","NT2","J634",5,8,"B2-a",
261,"B2-a2","SIM","LO","J8LoA",3,1,"B2-a2",
261,"B2-a2","SIM","LO","J8LoA",3,2,"B2-a2",
262,"B2-a2","DEM","LOB","J604",4,2,"B2-a2",
263,"B2-a2","DEM","ML","J604",4,5,"B2-a2",
264,"B2-a2","DEM","NT2","J604",1,3,"B2-a2",
264,"B2-a2","DEM","NT2","J604",1,6,"B2-a2",
264,"B2-a2","DEM","NT2","J604",1,7,"B2-a2",
264,"B2-a2","DEM","NT2","J604",2,4,"B2-a2",
264,"B2-a2","DEM","NT2","J604",2,6,"B2-a2",
264,"B2-a2","DEM","NT2","J604",2,7,"B2-a2",
264,"B2-a2","DEM","NT2","J604",4,3,"B2-a2",
264,"B2-a2","DEM","NT2","J604",4,4,"B2-a2",
265,"B2-a2","DOE","NT2","J604",1,4,"B2-a2",
265,"B2-a2","DOE","NT2","J604",3,6,"B2-a2",
265,"B2-a2","DOE","NT2","J604",3,7,"B2-a2",
265,"B2-a2","DOE","NT2","J604",4,6,"B2-a2",
265,"B2-a2","DOE","NT2","J604",4,7,"B2-a2",
265,"B2-a2","DOE","NT2","J604",5,6,"B2-a2",
265,"B2-a2","DOE","NT2","J604",5,7,"B2-a2",
266,"B2-a2","SID","RE","J604",2,5,"B2-a2",
266,"B2-a2","SID","RE","J604",3,4,"B2-a2",
266,"B2-a2","SID","RE","J604",5,3,"B2-a2",
267,"B2-a2","DEM","BUR","J604",1,2,"B2-a2",
268,"B2-a2","POT","BUR","J604",1,1,"B2-a2",
269,"B2-a2","ALL","TN","JP30",5,4,"B2-a2",
269,"B2-a2","ALL","TN","JP30",5,5,"B2-a2",
270,"B2-a2","KMN","k&cB","JP32",2,2,"B2-a2",
270,"B2-a2","KMN","k&cB","JP32",2,3,"B2-a2",
271,"B2-a2","DOE","DV","J604",3,5,"B2-a2",
272,"B2-a2","DEM","FLEX-M","J604",2,1,"B2-a2",
287,"B2-a2","HWS","RE","J604",3,3,"B2-a2",
346,"B2-a2","ISK_RUI","MU","J618",1,5,"B2-a2",
358,"B2-a2","ISKKOE","NT2","J611",5,2,"B2-a2",
27,"B2-b","RNR","LOB","J629",1,6,"B2-b",
28,"B2-b","RNR","ML","J629",2,5,"B2-b",
29,"B2-b","RNR","NT2","J629",1,5,"B2-b",
29,"B2-b","RNR","NT2","J629",1,7,"B2-b",
29,"B2-b","RNR","NT2","J629",2,2,"B2-b",
29,"B2-b","RNR","NT2","J629",2,3,"B2-b",
29,"B2-b","RNR","NT2","J629",4,2,"B2-b",
29,"B2-b","RNR","NT2","J629",4,4,"B2-b",
29,"B2-b","RNR","NT2","J629",4,5,"B2-b",
30,"B2-b","HDF","NT2","J629",1,4,"B2-b",
30,"B2-b","HDF","NT2","J629",2,4,"B2-b",
30,"B2-b","HDF","NT2","J629",5,2,"B2-b",
30,"B2-b","HDF","NT2","J629",5,3,"B2-b",
31,"B2-b","KLH","NT2","J629",5,4,"B2-b",
31,"B2-b","KLH","NT2","J629",5,5,"B2-b",
32,"B2-b","ISKKLO","NT2","J629",3,6,"B2-b",
32,"B2-b","ISKKLO","NT2","J629",3,7,"B2-b",
77,"B2-b","SID","RE","J629",3,2,"B2-b",
77,"B2-b","SID","RE","J629",3,3,"B2-b",
77,"B2-b","SID","RE","J629",3,8,"B2-b",
77,"B2-b","SID","RE","J629",4,3,"B2-b",
94,"B2-b","SMD","BUR","J629",3,4,"B2-b",
94,"B2-b","SMD","BUR","J629",3,5,"B2-b",
113,"B2-b","ANT","VZ","JP41",2,6,"B2-b",
113,"B2-b","ANT","VZ","JP41",2,7,"B2-b",
125,"B2-b","KMN","k&cB","JP32",4,6,"B2-b",
125,"B2-b","KMN","k&cB","JP32",4,7,"B2-b",
143,"B2-b","ISKVAL","LO","GrLo",5,6,"B2-b",
143,"B2-b","ISKVAL","LO","GrLo",5,7,"B2-b",
156,"B2-b","RNR","DV","J629",4,1,"B2-b",
182,"B2-b","RNR","FLEX-M","J629",2,1,"B2-b",
209,"B2-b","RNR","FLEX-HWK","J629",4,8,"B2-b",
336,"B2-b","ISK_RUI","MU","J618",1,8,"B2-b",
356,"B2-b","ISKKOE","NT2","J611",5,1,"B2-b",
33,"C1-c","KOT","ML","J628",3,5,"C1-c",
33,"C1-c","KOT","ML","J628",5,5,"C1-c",
34,"C1-c","KOT","NT2","J628",2,2,"C1-c",
34,"C1-c","KOT","NT2","J628",2,4,"C1-c",
34,"C1-c","KOT","NT2","J628",2,5,"C1-c",
34,"C1-c","KOT","NT2","J628",3,4,"C1-c",
34,"C1-c","KOT","NT2","J628",3,8,"C1-c",
34,"C1-c","KOT","NT2","J628",5,1,"C1-c",
34,"C1-c","KOT","NT2","J628",5,2,"C1-c",
34,"C1-c","KOT","NT2","J628",5,3,"C1-c",
34,"C1-c","KOT","NT2","J628",5,4,"C1-c",
34,"C1-c","KOT","NT2","J628",5,6,"C1-c",
34,"C1-c","KOT","NT2","J628",5,7,"C1-c",
35,"C1-c","SGM","NT2","J628",1,2,"C1-c",
35,"C1-c","SGM","NT2","J628",1,3,"C1-c",
35,"C1-c","SGM","NT2","J628",1,6,"C1-c",
35,"C1-c","SGM","NT2","J628",1,7,"C1-c",
35,"C1-c","SGM","NT2","J628",3,6,"C1-c",
35,"C1-c","SGM","NT2","J628",3,7,"C1-c",
78,"C1-c","HWS","RE","J628",1,4,"C1-c",
78,"C1-c","HWS","RE","J628",1,5,"C1-c",
78,"C1-c","HWS","RE","J628",2,6,"C1-c",
78,"C1-c","HWS","RE","J628",2,7,"C1-c",
78,"C1-c","HWS","RE","J628",3,1,"C1-c",
95,"C1-c","POT","KNS","J628",2,3,"C1-c",
114,"C1-c","ANT","VZ","JP41",3,2,"C1-c",
114,"C1-c","ANT","VZ","JP41",3,3,"C1-c",
126,"C1-c","KMN","k&cB","JP32",4,2,"C1-c",
126,"C1-c","KMN","k&cB","JP32",4,3,"C1-c",
157,"C1-c","KMN","DV","J628",4,1,"C1-c",
183,"C1-c","KOT","FLEX-M","J628",2,1,"C1-c",
193,"C1-c","SIM","LO","J8LoA",4,4,"C1-c",
193,"C1-c","SIM","LO","J8LoA",4,5,"C1-c",
211,"C1-c","KOT","FLEX-HWK","J628",3,9,"C1-c",
232,"C1-c","HWS","FLEX-HWK","J628",5,8,"C1-c",
338,"C1-c","ISK_RUI","MU","J618",4,6,"C1-c",
36,"C2-a1","BAR","LOB","J120",4,5,"C2-a1",
37,"C2-a1","BAR","ML","J120",5,5,"C2-a1",
38,"C2-a1","BAR","NT2","J120",2,4,"C2-a1",
38,"C2-a1","BAR","NT2","J120",2,5,"C2-a1",
38,"C2-a1","BAR","NT2","J120",4,3,"C2-a1",
38,"C2-a1","BAR","NT2","J120",4,4,"C2-a1",
38,"C2-a1","BAR","NT2","J120",4,6,"C2-a1",
38,"C2-a1","BAR","NT2","J120",4,7,"C2-a1",
38,"C2-a1","BAR","NT2","J120",5,4,"C2-a1",
39,"C2-a1","KOT","NT2","J120",1,2,"C2-a1",
39,"C2-a1","KOT","NT2","J120",1,3,"C2-a1",
39,"C2-a1","KOT","NT2","J120",3,1,"C2-a1",
39,"C2-a1","KOT","NT2","J120",3,2,"C2-a1",
39,"C2-a1","KOT","NT2","J120",3,6,"C2-a1",
39,"C2-a1","KOT","NT2","J120",3,7,"C2-a1",
39,"C2-a1","KOT","NT2","J629",5,8,"C2-a1",
79,"C2-a1","SID","RE","J120",1,4,"C2-a1",
79,"C2-a1","SID","RE","J120",1,5,"C2-a1",
79,"C2-a1","SID","RE","J120",2,2,"C2-a1",
79,"C2-a1","SID","RE","J120",2,3,"C2-a1",
96,"C2-a1","POT","BUR","J120",1,6,"C2-a1",
96,"C2-a1","POT","BUR","J120",1,7,"C2-a1",
115,"C2-a1","ANT","VZ","JP41",5,6,"C2-a1",
115,"C2-a1","ANT","VZ","JP41",5,7,"C2-a1",
127,"C2-a1","KMN","k&cB","JP32",2,6,"C2-a1",
127,"C2-a1","KMN","k&cB","JP32",2,7,"C2-a1",
134,"C2-a1","KGM","EN","J120",5,3,"C2-a1",
144,"C2-a1","ISKVAL","LO","BuLo",3,4,"C2-a1",
144,"C2-a1","ISKVAL","LO","BuLo",3,5,"C2-a1",
148,"C2-a1","CHU","BI","J120",1,1,"C2-a1",
148,"C2-a1","CHU","BI","J120",5,2,"C2-a1",
158,"C2-a1","HDF","DV","J120",4,2,"C2-a1",
184,"C2-a1","BAR","FLEX-M","J120",2,1,"C2-a1",
212,"C2-a1","VKD","FLEX-HWK","J120",3,3,"C2-a1",
213,"C2-a1","DOE","FLEX-HWK","J120",4,1,"C2-a1",
233,"C2-a1","KGM","FLEX-HWK","J120",4,8,"C2-a1",
40,"C2-a2","PRD","LOB","J122",4,2,"C2-a2",
41,"C2-a2","PRD","ML","J122",2,5,"C2-a2",
42,"C2-a2","PRD","NT2","J122",1,6,"C2-a2",
42,"C2-a2","PRD","NT2","J122",1,7,"C2-a2",
42,"C2-a2","PRD","NT2","J122",2,2,"C2-a2",
42,"C2-a2","PRD","NT2","J122",2,3,"C2-a2",
42,"C2-a2","PRD","NT2","J122",4,4,"C2-a2",
42,"C2-a2","PRD","NT2","J122",4,5,"C2-a2",
42,"C2-a2","PRD","NT2","J122",4,6,"C2-a2",
42,"C2-a2","PRD","NT2","J122",4,7,"C2-a2",
43,"C2-a2","PAS","NT2","J122",2,4,"C2-a2",
43,"C2-a2","PAS","NT2","J122",3,6,"C2-a2",
43,"C2-a2","PAS","NT2","J122",3,7,"C2-a2",
43,"C2-a2","PAS","NT2","J122",5,2,"C2-a2",
43,"C2-a2","PAS","NT2","J122",5,3,"C2-a2",
80,"C2-a2","LNN","RE","J122",1,4,"C2-a2",
80,"C2-a2","LNN","RE","J122",1,5,"C2-a2",
80,"C2-a2","LNN","RE","J122",5,6,"C2-a2",
80,"C2-a2","LNN","RE","J122",5,7,"C2-a2",
97,"C2-a2","SMD","BUR","J122",1,2,"C2-a2",
97,"C2-a2","SMD","BUR","J122",1,3,"C2-a2",
116,"C2-a2","ANT","VZ","JP41",5,4,"C2-a2",
116,"C2-a2","ANT","VZ","JP41",5,5,"C2-a2",
128,"C2-a2","DOE","k&cB","JP32",3,2,"C2-a2",
128,"C2-a2","DOE","k&cB","JP32",3,3,"C2-a2",
135,"C2-a2","KGM","EN","J122",1,8,"C2-a2",
144,"C2-a2","ISKVAL","LO","BuLo",3,4,"C2-a2",
144,"C2-a2","ISKVAL","LO","BuLo",3,5,"C2-a2",
149,"C2-a2","CHU","BI","J122",2,6,"C2-a2",
149,"C2-a2","CHU","BI","J122",2,7,"C2-a2",
159,"C2-a2","KMN","DV","JP32",3,1,"C2-a2",
185,"C2-a2","PRD","FLEX-M","J122",2,1,"C2-a2",
215,"C2-a2","KMN","FLEX-HWK","J122",4,8,"C2-a2",
234,"C2-a2","DOE","FLEX-HWK","J122",4,3,"C2-a2",
370,"C2-a2","ISKKLO","NT2","J122",3,8,"C2-a2",
44,"C2-b","HDF","LOB","J110",1,3,"C2-b",
45,"C2-b","KLH","FLEX-M","J110",2,1,"C2-b",
46,"C2-b","HDF","NT2","J110",1,2,"C2-b",
46,"C2-b","HDF","NT2","J110",1,6,"C2-b",
46,"C2-b","HDF","NT2","J110",1,7,"C2-b",
46,"C2-b","HDF","NT2","J110",2,6,"C2-b",
46,"C2-b","HDF","NT2","J110",4,3,"C2-b",
47,"C2-b","KLH","NT2","J110",2,3,"C2-b",
47,"C2-b","KLH","NT2","J110",2,7,"C2-b",
47,"C2-b","KLH","NT2","J110",4,2,"C2-b",
47,"C2-b","KLH","NT2","J110",4,6,"C2-b",
47,"C2-b","KLH","NT2","J110",5,2,"C2-b",
47,"C2-b","KLH","NT2","J110",5,3,"C2-b",
81,"C2-b","LNN","RE","J110",2,4,"C2-b",
81,"C2-b","LNN","RE","J110",2,5,"C2-b",
81,"C2-b","LNN","RE","J110",3,2,"C2-b",
81,"C2-b","LNN","RE","J110",3,3,"C2-b",
81,"C2-b","LNN","RE","J110",4,5,"C2-b",
98,"C2-b","SMD","M&M","J110",1,4,"C2-b",
98,"C2-b","SMD","M&M","J110",1,5,"C2-b",
117,"C2-b","ANT","VZ","JP41",3,6,"C2-b",
117,"C2-b","ANT","VZ","JP41",3,7,"C2-b",
129,"C2-b","DOE","k&cB","JP32",1,8,"C2-b",
129,"C2-b","DOE","k&cB","JP32",1,9,"C2-b",
136,"C2-b","KGM","EN","J110",4,7,"C2-b",
136,"C2-b","KGM","EN","J110",5,4,"C2-b",
136,"C2-b","KGM","EN","J110",5,5,"C2-b",
143,"C2-b","ISKVAL","LO","GrLo",5,6,"C2-b",
143,"C2-b","ISKVAL","LO","GrLo",5,7,"C2-b",
150,"C2-b","CHU","BI","J110",3,4,"C2-b",
150,"C2-b","CHU","BI","J110",3,5,"C2-b",
160,"C2-b","HDF","DV","J110",4,4,"C2-b",
171,"C2-b","KLH","ML","J110",2,2,"C2-b",
216,"C2-b","HDF","FLEX-HWK","J110",1,1,"C2-b",
217,"C2-b","KLH","FLEX-HWK","J110",4,1,"C2-b",
235,"C2-b","CHU","FLEX-HWK","J110",5,1,"C2-b",
48,"D1-c","PAS","ML","J116",2,2,"D1-c",
48,"D1-c","PAS","ML","J116",5,4,"D1-c",
50,"D1-c","PAS","NT2","J116",2,3,"D1-c",
50,"D1-c","PAS","NT2","J116",2,6,"D1-c",
50,"D1-c","PAS","NT2","J116",3,1,"D1-c",
50,"D1-c","PAS","NT2","J116",3,2,"D1-c",
50,"D1-c","PAS","NT2","J116",5,5,"D1-c",
50,"D1-c","PAS","NT2","J116",5,6,"D1-c",
50,"D1-c","PAS","NT2","J116",5,7,"D1-c",
51,"D1-c","GAA","NT2","J116",4,4,"D1-c",
51,"D1-c","GAA","NT2","J116",4,5,"D1-c",
52,"D1-c","POT","NT2","J116",1,3,"D1-c",
52,"D1-c","POT","NT2","J116",1,4,"D1-c",
52,"D1-c","POT","NT2","J116",1,5,"D1-c",
53,"D1-c","ISKKLO","NT2","J116",3,4,"D1-c",
53,"D1-c","ISKKLO","NT2","J116",3,5,"D1-c",
82,"D1-c","LNN","RE","J116",1,7,"D1-c",
82,"D1-c","LNN","RE","J116",3,6,"D1-c",
82,"D1-c","LNN","RE","J116",3,7,"D1-c",
82,"D1-c","LNN","RE","J116",5,3,"D1-c",
83,"D1-c","CHU","RE","J116",1,2,"D1-c",
99,"D1-c","POT","KNS","J116",2,4,"D1-c",
99,"D1-c","POT","KNS","J116",2,5,"D1-c",
111,"D1-c","ALL","TN","JP30",4,2,"D1-c",
111,"D1-c","ALL","TN","JP30",4,3,"D1-c",
137,"D1-c","KGM","EN","J116",1,6,"D1-c",
137,"D1-c","KGM","EN","J116",4,6,"D1-c",
146,"D1-c","ISKVAL","LO","J8Lo",5,8,"D1-c",
146,"D1-c","ISKVAL","LO","J8Lo",5,9,"D1-c",
163,"D1-c","HDF","DV","J116",2,7,"D1-c",
164,"D1-c","PIJ","NT2","J116",3,3,"D1-c",
164,"D1-c","PIJ","NT2","J116",3,8,"D1-c",
186,"D1-c","PAS","FLEX-M","J116",2,1,"D1-c",
218,"D1-c","POT","FLEX-HWK","J116",1,8,"D1-c",
219,"D1-c","SID","FLEX-HWK","J116",4,7,"D1-c",
344,"D1-c","ISK_RUI","MU","J618",4,8,"D1-c",
54,"D2-c","PIJ","LOB","J114",2,3,"D2-c",
55,"D2-c","MKN","ML","J114",1,2,"D2-c",
56,"D2-c","PIJ","NT2","J114",2,6,"D2-c",
56,"D2-c","PIJ","NT2","J114",2,7,"D2-c",
56,"D2-c","PIJ","NT2","J114",3,6,"D2-c",
56,"D2-c","PIJ","NT2","J114",3,7,"D2-c",
57,"D2-c","MKN","NT2","J114",1,4,"D2-c",
57,"D2-c","MKN","NT2","J114",1,5,"D2-c",
57,"D2-c","MKN","NT2","J114",2,2,"D2-c",
57,"D2-c","MKN","NT2","J114",4,3,"D2-c",
58,"D2-c","DAV","NT2","J114",3,2,"D2-c",
58,"D2-c","DAV","NT2","J114",3,3,"D2-c",
84,"D2-c","SID","RE","J114",1,3,"D2-c",
84,"D2-c","SID","RE","J114",4,8,"D2-c",
84,"D2-c","SID","RE","J114",5,4,"D2-c",
84,"D2-c","SID","RE","J114",5,5,"D2-c",
100,"D2-c","SMD","M&M","J114",1,6,"D2-c",
100,"D2-c","SMD","M&M","J114",1,7,"D2-c",
130,"D2-c","DOE","k&cB","JP32",5,2,"D2-c",
130,"D2-c","DOE","k&cB","JP32",5,3,"D2-c",
138,"D2-c","PIJ","EN","J114",2,4,"D2-c",
138,"D2-c","PIJ","EN","J114",2,5,"D2-c",
138,"D2-c","PIJ","EN","J114",3,4,"D2-c",
138,"D2-c","PIJ","EN","J114",3,5,"D2-c",
147,"D2-c","ISKVAL","LO","J8Lo",3,8,"D2-c",
147,"D2-c","ISKVAL","LO","J8Lo",3,9,"D2-c",
151,"D2-c","CHU","BI","J114",5,6,"D2-c",
151,"D2-c","CHU","BI","J114",5,7,"D2-c",
152,"D2-c","CHU","NASK","J114",4,4,"D2-c",
161,"D2-c","ISKHEI","DV","J114",4,5,"D2-c",
165,"D2-c","GAA","NT2","J114",4,6,"D2-c",
165,"D2-c","GAA","NT2","J114",4,7,"D2-c",
166,"D2-c","MKN","FLEX-M","J114",2,1,"D2-c",
220,"D2-c","SML","FLEX-HWK","J114",4,1,"D2-c",
221,"D2-c","MKN","FLEX-HWK","J114",4,2,"D2-c",
237,"D2-c","GIS","FLEX-HWK","J114",5,8,"D2-c",
59,"I1-A","VBY","ML","J625",5,5,"I1-A",
60,"I1-A","MAT","NT2","J625",1,4,"I1-A",
60,"I1-A","MAT","NT2","J625",1,5,"I1-A",
60,"I1-A","MAT","NT2","J625",3,4,"I1-A",
60,"I1-A","MAT","NT2","J625",3,5,"I1-A",
61,"I1-A","VBY","NT2","J625",2,2,"I1-A",
61,"I1-A","VBY","NT2","J625",2,3,"I1-A",
61,"I1-A","VBY","NT2","J625",2,7,"I1-A",
61,"I1-A","VBY","NT2","J625",4,2,"I1-A",
61,"I1-A","VBY","NT2","J625",4,3,"I1-A",
61,"I1-A","VBY","NT2","J625",4,4,"I1-A",
61,"I1-A","VBY","NT2","J625",4,6,"I1-A",
61,"I1-A","VBY","NT2","J625",4,7,"I1-A",
61,"I1-A","VBY","NT2","J625",5,6,"I1-A",
61,"I1-A","VBY","NT2","J625",5,7,"I1-A",
61,"I1-A","VBY","NT2","J625",5,8,"I1-A",
85,"I1-A","SID","RE","J625",1,6,"I1-A",
85,"I1-A","SID","RE","J625",1,7,"I1-A",
85,"I1-A","SID","RE","J625",2,6,"I1-A",
85,"I1-A","SID","RE","J625",4,5,"I1-A",
101,"I1-A","ISKCBX","KNS","J625",5,3,"I1-A",
101,"I1-A","ISKCBX","KNS","J625",5,4,"I1-A",
131,"I1-A","KMN","k&cB","JP32",3,6,"I1-A",
131,"I1-A","KMN","k&cB","JP32",3,7,"I1-A",
141,"I1-A","ISKVAL","LO","J8Lo",3,1,"I1-A",
141,"I1-A","ISKVAL","LO","J8Lo",3,2,"I1-A",
172,"I1-A","DOE","DV","J625",1,3,"I1-A",
174,"I1-A","ISK_MO","NT2","J618",3,3,"I1-A",
187,"I1-A","VBY","FLEX-M","J625",2,1,"I1-A",
222,"I1-A","OUW","FLEX-HWK","J625",4,8,"I1-A",
223,"I1-A","ANT","FLEX-HWK","JP41",3,8,"I1-A",
319,"I1-A","ANT","VZ","JP41",2,4,"I1-A",
319,"I1-A","ANT","VZ","JP41",2,5,"I1-A",
360,"I1-A","ISKBEE","MU","J618",5,2,"I1-A",
63,"I1-VI","SCP","ML","J624",2,2,"I1-VI",
64,"I1-VI","SCP","NT2","J624",1,4,"I1-VI",
64,"I1-VI","SCP","NT2","J624",1,5,"I1-VI",
64,"I1-VI","SCP","NT2","J624",1,6,"I1-VI",
64,"I1-VI","SCP","NT2","J624",1,7,"I1-VI",
64,"I1-VI","SCP","NT2","J624",2,3,"I1-VI",
64,"I1-VI","SCP","NT2","J624",2,6,"I1-VI",
64,"I1-VI","SCP","NT2","J624",2,7,"I1-VI",
64,"I1-VI","SCP","NT2","J624",4,1,"I1-VI",
64,"I1-VI","SCP","NT2","J624",4,2,"I1-VI",
64,"I1-VI","SCP","NT2","J624",4,3,"I1-VI",
64,"I1-VI","SCP","NT2","J624",4,4,"I1-VI",
65,"I1-VI","MKN","NT2","J624",1,8,"I1-VI",
65,"I1-VI","MKN","NT2","J624",4,5,"I1-VI",
65,"I1-VI","MKN","NT2","J624",4,6,"I1-VI",
65,"I1-VI","MKN","NT2","J624",4,7,"I1-VI",
86,"I1-VI","HWS","RE","J624",3,4,"I1-VI",
86,"I1-VI","HWS","RE","J624",3,5,"I1-VI",
86,"I1-VI","HWS","RE","J624",5,6,"I1-VI",
86,"I1-VI","HWS","RE","J624",5,7,"I1-VI",
102,"I1-VI","SMD","KNS","J624",3,2,"I1-VI",
102,"I1-VI","SMD","KNS","J624",3,3,"I1-VI",
132,"I1-VI","KMN","k&cB","JP32",1,2,"I1-VI",
132,"I1-VI","KMN","k&cB","JP32",1,3,"I1-VI",
142,"I1-VI","ISKVAL","LO","BuLo",3,6,"I1-VI",
142,"I1-VI","ISKVAL","LO","BuLo",3,7,"I1-VI",
173,"I1-VI","DOE","DV","J624",5,5,"I1-VI",
188,"I1-VI","SCP","FLEX-M","J624",2,1,"I1-VI",
224,"I1-VI","SCP","FLEX-HWK","J624",1,1,"I1-VI",
239,"I1-VI","ISKBEE","MU","J618",5,4,"I1-VI",
322,"I1-VI","ALL","TN","JP30",2,4,"I1-VI",
322,"I1-VI","ALL","TN","JP30",2,5,"I1-VI",
332,"I1-VI","ISK_MO","NT2","J618",3,1,"I1-VI",
66,"M1-c","KLJ","ML","J633",5,5,"M1-c",
67,"M1-c","AAL","ML","J633",3,1,"M1-c",
68,"M1-c","KLJ","NT2","J633",1,2,"M1-c",
68,"M1-c","KLJ","NT2","J633",1,3,"M1-c",
68,"M1-c","KLJ","NT2","J633",5,2,"M1-c",
68,"M1-c","KLJ","NT2","J633",5,3,"M1-c",
69,"M1-c","AAL","NT2","J633",2,2,"M1-c",
69,"M1-c","AAL","NT2","J633",3,3,"M1-c",
69,"M1-c","AAL","NT2","J633",3,6,"M1-c",
69,"M1-c","AAL","NT2","J633",4,3,"M1-c",
69,"M1-c","AAL","NT2","J633",4,6,"M1-c",
69,"M1-c","AAL","NT2","J633",4,7,"M1-c",
87,"M1-c","HWS","RE","J633",1,6,"M1-c",
87,"M1-c","HWS","RE","J633",2,4,"M1-c",
87,"M1-c","HWS","RE","J633",3,7,"M1-c",
87,"M1-c","HWS","RE","J633",5,4,"M1-c",
112,"M1-c","ALL","TN","JP30",4,4,"M1-c",
112,"M1-c","ALL","TN","JP30",4,5,"M1-c",
118,"M1-c","ANT","VZ","JP41",3,4,"M1-c",
118,"M1-c","ANT","VZ","JP41",3,5,"M1-c",
133,"M1-c","KMN","k&cB","JP32",1,4,"M1-c",
133,"M1-c","KMN","k&cB","JP32",1,5,"M1-c",
167,"M1-c","KLJ","FLEX-M","J633",2,1,"M1-c",
226,"M1-c","ISK_MO","NT2","J618",3,2,"M1-c",
240,"M1-c","VER","Flex-S-L","J633",5,1,"M1-c",
241,"M1-c","AAL","NT2","J633",2,3,"M1-c",
241,"M1-c","AAL","NT2","J633",2,5,"M1-c",
242,"M1-c","KLJ","NT2","J633",2,6,"M1-c",
242,"M1-c","KLJ","NT2","J633",2,7,"M1-c",
259,"M1-c","SIM","LO","J8LoA",4,1,"M1-c",
259,"M1-c","SIM","LO","J8LoA",4,2,"M1-c",
340,"M1-c","ISK_RUI","MU","J618",1,7,"M1-c",
252,"X1-c","ESS","ML","J112",3,1,"X1-c",
257,"X1-c","ANT","VZ","JP41",1,8,"X1-c",
257,"X1-c","ANT","VZ","JP41",1,9,"X1-c",
258,"X1-c","HDF","NT2","J112",5,4,"X1-c",
293,"X1-c","SIM","LO","J8LoA",5,1,"B1-cLO",
293,"X1-c","SIM","LO","J8LoA",5,2,"B1-cLO",
298,"X1-c","CHU","RE","J112",2,2,"X1-c",
298,"X1-c","CHU","RE","J112",2,3,"X1-c",
299,"X1-c","ISKAHM","NT2","J112",1,4,"X1-c",
299,"X1-c","ISKAHM","NT2","J112",1,5,"X1-c",
299,"X1-c","ISKAHM","NT2","J112",1,6,"X1-c",
299,"X1-c","ISKAHM","NT2","J112",1,7,"X1-c",
299,"X1-c","ISKAHM","NT2","J112",3,4,"X1-c",
299,"X1-c","ISKAHM","NT2","J112",3,5,"X1-c",
299,"X1-c","ISKAHM","NT2","J112",3,6,"X1-c",
299,"X1-c","ISKAHM","NT2","J112",3,7,"X1-c",
299,"X1-c","ISKAHM","NT2","J112",4,4,"X1-c",
299,"X1-c","ISKAHM","NT2","J112",4,5,"X1-c",
302,"X1-c","POT","KNS","J112",2,6,"X1-c",
302,"X1-c","POT","KNS","J112",2,7,"X1-c",
304,"X1-c","PIJ","EN","J112",1,2,"X1-c",
304,"X1-c","PIJ","EN","J112",1,3,"X1-c",
306,"X1-c","CHU","FLEX-HWK","J112",5,5,"X1-c",
312,"X1-c","HDG","RE","J112",3,2,"X1-c",
312,"X1-c","HDG","RE","J112",3,3,"X1-c",
314,"X1-c","CHU","ML","J112",5,3,"X1-c",
315,"X1-c","CHU","FLEX-M","J112",2,1,"X1-c",
316,"X1-c","SCP","NT2","J112",2,4,"X1-c",
316,"X1-c","SCP","NT2","J112",2,5,"X1-c",
316,"X1-c","SCP","NT2","J112",4,6,"X1-c",
316,"X1-c","SCP","NT2","J112",4,7,"X1-c",
316,"X1-c","SCP","NT2","J112",4,8,"X1-c",
